[
      { "code": "ATL", "city": "Atlanta", "name": "Hartsfield-Jackson Atlanta International" },
      { "code": "LAX", "city": "Los Angeles", "name": "Los Angeles International" },
      { "code": "ORD", "city": "Chicago", "name": "O'Hare International" },
      { "code": "DFW", "city": "Dallas", "name": "Dallas/Fort Worth International" },
      { "code": "DEN", "city": "Denver", "name": "Denver International" },
      { "code": "JFK", "city": "New York", "name": "John F. Kennedy International" },
      { "code": "SFO", "city": "San Francisco", "name": "San Francisco International" },
      { "code": "SEA", "city": "Seattle", "name": "Seattle-Tacoma International" },
      { "code": "LAS", "city": "Las Vegas", "name": "Harry Reid International" },
      { "code": "MCO", "city": "Orlando", "name": "Orlando International" },
      { "code": "EWR", "city": "Newark", "name": "Newark Liberty International" },
      { "code": "CLT", "city": "Charlotte", "name": "Charlotte Douglas International" },
      { "code": "PHX", "city": "Phoenix", "name": "Phoenix Sky Harbor International" },
      { "code": "IAH", "city": "Houston", "name": "George Bush Intercontinental" },
      { "code": "MIA", "city": "Miami", "name": "Miami International" },
      { "code": "BOS", "city": "Boston", "name": "Logan International" },
      { "code": "MSP", "city": "Minneapolis", "name": "Minneapolis-St Paul International" },
      { "code": "FLL", "city": "Fort Lauderdale", "name": "Fort Lauderdale-Hollywood International" },
      { "code": "DTW", "city": "Detroit", "name": "Detroit Metropolitan Wayne County" },
      { "code": "PHL", "city": "Philadelphia", "name": "Philadelphia International" },
      { "code": "LGA", "city": "New York", "name": "LaGuardia" },
      { "code": "BWI", "city": "Baltimore", "name": "Baltimore/Washington International" },
      { "code": "SLC", "city": "Salt Lake City", "name": "Salt Lake City International" },
      { "code": "SAN", "city": "San Diego", "name": "San Diego International" },
      { "code": "IAD", "city": "Washington", "name": "Washington Dulles International" },
      { "code": "DCA", "city": "Washington", "name": "Ronald Reagan Washington National" },
      { "code": "TPA", "city": "Tampa", "name": "Tampa International" },
      { "code": "PDX", "city": "Portland", "name": "Portland International" },
      { "code": "HNL", "city": "Honolulu", "name": "Daniel K. Inouye International" },
      { "code": "LHR", "city": "London", "name": "Heathrow" },
      { "code": "CDG", "city": "Paris", "name": "Charles de Gaulle" },
      { "code": "NRT", "city": "Tokyo", "name": "Narita International" },
      { "code": "HND", "city": "Tokyo", "name": "Haneda" },
      { "code": "DXB", "city": "Dubai", "name": "Dubai International" },
      { "code": "SIN", "city": "Singapore", "name": "Singapore Changi" },
      { "code": "ICN", "city": "Seoul", "name": "Incheon International" },
      { "code": "FRA", "city": "Frankfurt", "name": "Frankfurt" },
      { "code": "AMS", "city": "Amsterdam", "name": "Amsterdam Schiphol" },
      { "code": "MAD", "city": "Madrid", "name": "Adolfo Suárez Madrid-Barajas" },
      { "code": "BCN", "city": "Barcelona", "name": "Barcelona-El Prat" },
      { "code": "FCO", "city": "Rome", "name": "Leonardo da Vinci-Fiumicino" },
      { "code": "SYD", "city": "Sydney", "name": "Sydney Kingsford Smith" },
      { "code": "MEX", "city": "Mexico City", "name": "Mexico City International" },
      { "code": "YYZ", "city": "Toronto", "name": "Toronto Pearson International" },
      { "code": "YVR", "city": "Vancouver", "name": "Vancouver International" }
  ]